Id;Titel;SWS;ECTS;Typ;Lehrinhalte;Studienrichtung;Semester;Endnote;Zuletzt erbracht;Fortschritt;Modulid;Modulbeschreibung;Modulgruppe;Verpflichtend;Empfohlen;Leistungsnachweis
210857;Modul EIN Einführung in das Studium der Informatik;;6;berechnete Leistung;05-0409 Modul EIN Einführung in das Studium der Informatik;Medieninformatik;1;1;05/27/2012;abgeschlossen;;"Die Studierenden erhalten einen Überblick über die Anwendungsgebiete der Informatik, Fragestellun-gen der interdisziplinären Informatik und erwerben grundlegende Kenntnisse des wissenschaftlichen Arbeitens in der Informatik und den Anwendungsbereichen der Informatik. Einführung in die Medieninformatik: Die Lehrveranstaltung vermittelt einen Überblick über die
grundlegenden Konzepte, Methoden und Werkzeuge
im Anwendungsgebiet der Medieninformatik. Es
werden konkrete Aufgabenfelder, Anwendungsfälle
und Lösungsansätze vermittelt und erarbeitet. ";(1) Studieneingangs- und Orientierungsphase (STEOP) (18 ECTS);keine;keine;Kombinierte Modulprüfung: <ol><li> Absolvieren der OL und der UE (3 ECTS)</li><li> Schriftliche Prüfung (3 ECTS)</li></ol>
210861;Modul PRG Programmierung;;6;berechnete Leistung;05-0381 Modul PRG Programmierung;Medieninformatik;1;1;05/27/2012;abgeschlossen;;Den Studierenden werden Programmierkenntnisse anhand einer prozeduralen und objektorientierten Programmiersprache vermittelt. Die Studierenden sind befähigt einfache algorithmische Aufgaben-stellungen zu lösen und programmiertechnisch umzusetzen. ;(1) Studieneingangs- und Orientierungsphase (STEOP) (18 ECTS);keine;keine;Absolvieren der Lehrveranstaltung (6 ECTS)
210866;Modul TGS Technische Grundlagen und Systemsoftware;;6;berechnete Leistung;05-0382 Modul TGS Technische Grundlagen und Systemsoftware;Medieninformatik;1;2;05/27/2012;abgeschlossen;;Ziel ist, dass Studierende den Aufbau und die Funktionsweise von Rechnern und Betriebssystemen kennen und verstehen. Inhalte sind insbesondere Rechnerarchitekturen (Aufbau von Rechnern, Per-formance, Pipelining, Caching, Virtual Memory, I/O) und Grundlagen von Betriebssystemen (Prozess-verwaltung und -synchronisation, Scheduling, Speicherverwaltung, Dateisysteme, Device-Driver). Praktisch werden die wichtigsten Funktionen von Unix und Windows geübt. ;(1) Studieneingangs- und Orientierungsphase (STEOP) (18 ECTS);keine;keine;Kombinierte Modulprüfung: <ol><li> Absolvieren der UE (2 ECTS) <li> Schriftliche Prüfung (4 ECTS)</li></ol> 
210870;StEOP abgeschlossen;;18;berechnete Leistung;05-0538 StEOP-Abschluss;;;;;;;;;;;Abschluss der Lehrveranstaltungen
210874;Modul ADS Algorithmen und Datenstrukturen;;6;berechnete Leistung;05-0385 Modul ADS Algorithmen und Datenstrukturen;Medieninformatik;2;1;06/21/2013;abgeschlossen;;Die Studierenden erlangen Kenntnisse über Aufwandsabschätzungen, Komplexitätsmaße, grundle-gende Datenstrukturen, Such- und Sortierverfahren und grundlegende Graph- und Optimierungsalgo-rithmen. Sie werden dadurch befähigt Algorithmen und geeignete Datenstrukturen für gegebene Prob-lemstellungen zu entwerfen oder auszuwählen und das Leistungsverhalten zu beurteilen. ;Pflichtmodulgruppe A Informationstechnologie (36 ECTS);STEOP;keine;Abschluss der Lehrveranstaltungen
210880;Modul NET Netzwerktechnologien;;6;berechnete Leistung;05-0386 Modul NET Netzwerktechnologien;Medieninformatik;2;3;04/23/2014;abgeschlossen;;Es werden die grundlegenden Techniken von Computernetzwerken (auf Basis der Protokollarchitek-tur) sowie Prinzipien darauf aufbauender verteilter Anwendungen (verteilter Systeme) vermittelt. Der Studierende ist befähigt die methodischen und technischen Zusammenhänge der Durchführung ver-teilter Applikationen (inklusive Sicherheits- und Managementaspekte) zu verstehen und nachzuvoll-ziehen. Dies wird auch praktisch mit Hilfe von entsprechender Monitoringwerkzeuge vertieft. ;Pflichtmodulgruppe A Informationstechnologie (36 ECTS);STEOP;keine;Abschluss der Lehrveranstaltungen
210885;Modul THI Theoretische Informatik;;6;berechnete Leistung;05-0387 Modul THI Theoretische Informatik;Medieninformatik;2;1;04/20/2013;abgeschlossen;;"Die Studierenden erwerben Kenntnisse über folgende Gebiete: Kontextfreie Sprachen und Kellerautomaten; Reguläre Sprachen und endliche Automaten; Turing Maschinen; Berechenbarkeit und Entscheidbarkeit; Endliche Maschinen und Automatennetze; Komplexitätstheorie; Formale Logik; Formale Semantik und Grundelemente der formalen Verifikation; Theoretische Grundlagen moderner Programmiersprachen. ";Pflichtmodulgruppe A Informationstechnologie (36 ECTS);STEOP;MBT;Abschluss der Lehrveranstaltungen
210890;Modul DBS Datenbanksysteme;;6;berechnete Leistung;05-0388 Modul DBS Datenbanksysteme;Medieninformatik;3;1;04/20/2013;abgeschlossen;;Die Studierenden erlernen die notwendigen Kenntnisse und Fähigkeiten Datenbanksysteme für die Erstellung von Anwendungssystemen einzusetzen, Datenbanken zu entwerfen und abzufragen und kennen die theoretischen Grundlagen der relationalen Datenbanken. ;Pflichtmodulgruppe A Informationstechnologie (36 ECTS);STEOP;ADS, MOD;Abschluss der Lehrveranstaltungen
210895;Modul SWE Software Engineering;;6;berechnete Leistung;05-0389 Modul SWE Software Engineering;Medieninformatik;3;2;04/20/2013;abgeschlossen;;Dieses Modul vermittelt die wesentlichen Methoden der Softwareentwicklung nach dem Unified Process. Dies umfasst Use-Case Modellierung, Architekturmodellierung, objektorientierte Analyse und Design, Designpatterns, Implementierung und Testmethoden, sowie Qualitätskriterien für Softwareprodukte. Die praktische Umsetzung dieser Konzepte erfolgt anhand konkreter Softwareprojekte unter Einsatz aktueller Entwicklungswerkzeuge. ;Pflichtmodulgruppe A Informationstechnologie (36 ECTS);STEOP;keine;Abschluss der Lehrveranstaltungen
210900;Modul SWA Softwarearchitekturen;;6;berechnete Leistung;05-0390 Modul SWA Softwarearchitekturen;Medieninformatik;4;;;;;Die Studierenden erwerben die Kompetenz, komplexe Software Systeme zu analysieren und zu entwer-fen. Sie verstehen die Zusammenhänge zwischen verschiedenen Architekturebenen sowie die Bedeu-tung und den Einsatz von Architectural Patterns. Sie können kleine verteilte Anwendungen auf Grund-lage von Standards umsetzen. ;Pflichtmodulgruppe A Informationstechnologie (36 ECTS);STEOP;NET, SWE;Abschluss der Lehrveranstaltungen
210906;Modul SOP Sozialkompetenz und Projektmanagement;;6;berechnete Leistung;05-0391 Modul SOP Sozialkompetenz und Projektmanagement;Medieninformatik;1;1;04/18/2013;abgeschlossen;;Dieses Modul vermittelt ein Verständnis für die gesellschaftlichen Voraussetzungen und potentiellen Folgen der Informatik vor dem Hintergrund sozial- und geisteswissenschaftlicher Theorien und führt in die Methoden und Techniken des Projektmanagements ein. Die Studierenden erwerben grundle-gende Kenntnisse von Methoden und Techniken, Einflussfaktoren und Erfolgskriterien der Projektab-wicklung nach Standards von einer technischen, organisatorischen und zwischenmenschlichen Per-spektive. Sie erstellen Projektpläne, wenden einfache Projektmanagementwerkzeuge an, führen eine Risikoanalyse durch, nehmen Aufgaben und Verantwortungen in einem Projektteam wahr und reflek-tieren den Projektverlauf. ;Pflichtmodulgruppe B. Allgemeine Grundlagen (18 ECTS);keine;keine;Abschluss der Lehrveranstaltungen
210911;Modul MOD Grundlagen der  Modellierung;;6;berechnete Leistung;05-0383 Modul MOD Grundlagen der Modellierung;Medieninformatik;2;2;04/20/2013;abgeschlossen;;Dieses Modul vermittelt die für InformatikerInnen notwendigen Methoden der Modellierung stati-scher und dynamischer Aspekte, mitsamt den für das Verständnis und die Anwendung dieser Metho-den notwendigen Grundlagen. Ziel der Lehrveranstaltung ist der Erwerb der Fähigkeit, Modelle zu erstellen und zu analysieren. ;Pflichtmodulgruppe B. Allgemeine Grundlagen (18 ECTS);STEOP;keine;Abschluss der Lehrveranstaltungen
210915;Modul HCI Human-Computer-Interaction und Psychologie;;6;berechnete Leistung;05-0392 Modul HCI Human-Computer-Interaction und Psychologie;Medieninformatik;4;;;;;In diesem Modul erwerben die Studierenden Wissen, Fertigkeiten und einen Bezug zur anwendungs-gerechten Gestaltung von Benutzeroberflächen. Dies erfolgt durch das Kennen von Human Factors, Usability Richtlinien, kognitionswissenschaftlicher, psychologischer und kommunikationstechnischer Grundlagen, das Verstehen von deren Bedeutung sowie deren Anwendung im Prozess des Usability Engineering mit Schwerpunkt auf Human Centered Design und Evaluation. ;Pflichtmodulgruppe B. Allgemeine Grundlagen (18 ECTS);STEOP;keine;Abschluss der Lehrveranstaltung
210921;Modul MBT Mathematische Basistechniken;;6;berechnete Leistung;05-0393 Modul MBT Mathematische Basistechniken;Medieninformatik;1;1;05/27/2012;abgeschlossen;;Das Modul vermittelt die Grundbegriffe in den Bereichen Mengen, Logik und Algebra. Weiters werden die Grundlagen der linearen Algebra und Geometrie sowie deren Anwendungen wie etwa in Grafik und Graphentheorie vermittelt. Die Studierenden erwerben Kompetenzen in der Analyse von informatischen Fragestellungen mittels Logikkalkülen und Algebra und lernen Algorithmen aus der Linearen Algebra zu verstehen und mit Hilfe entsprechender Softwarewerkzeugen anzuwenden. ;Pflichtmodulgruppe C Strukturwissenschaften (24 ECTS);keine;keine;Abschluss der Lehrveranstaltungen
210926;Modul GMA Grundlagen der Mathematik und Analysis;;6;berechnete Leistung;05-0394 Modul GMA Grundlagen der Mathematik und Analysis;Medieninformatik;2;1;04/20/2013;abgeschlossen;;Das Modul vermittelt die Grundlagen der ein- und der mehrdimensionalen Analysis mit Anwendungen aus Numerik und Optimierung. Weiters werden dynamische Systeme unter Zuhilfenahme von Differenzen- und Differentialgleichungen behandelt. Die Studierenden sind befähigt einfache Fragestellungen der Wirtschaft, Technik und Naturwissenschaften mittels Modellen der Analysis und linearen Algebra zu beschreiben. ;Pflichtmodulgruppe C Strukturwissenschaften (24 ECTS);STEOP;MBT;Abschluss der Lehrveranstaltungen
210931;Modul OPS Optimierung und Simulation;;6;berechnete Leistung;05-0396 Modul OPS Optimierung und Simulation;Medieninformatik;3;;;teilweise;;Das Modul beschäftigt sich mit den grundlegenden Techniken zur Bestimmung von optimalen Lösungen für substanzwissenschaftliche Fragestellungen und zur Simulation von realen Problemen am Computer. Die Studierenden lernen eine Palette von Basiswerkzeugen wie lineare Programmierung, nichtlineare Programmierung, diskrete Optimierung und Simulation kennen und wissen über die Möglichkeiten und Grenzen ihrer Anwendung Bescheid. ;Pflichtmodulgruppe C Strukturwissenschaften (24 ECTS);STEOP;MBT, GMA;Abschluss der Lehrveranstaltungen
210936;Modul DAS Datenanalyse und Statistik;;6;berechnete Leistung;05-0395 Modul DAS Datenanalyse und Statistik;Medieninformatik;4;;;teilweise;;Das Modul vermittelt die Fähigkeiten empirische Sachverhalte mittels statistischer Methoden zu beschreiben, inhaltliche Fragestellungen in statistische Terminologie zu übersetzen und diese mittels adäquater Techniken der Statistik und Wahrscheinlichkeitstheorie zu lösen. Besonderes Augenmerk wird auf die Verwendung von Softwarewerkzeugen und die Präsentation statistischer Analyse-Ergebnisse gelegt. ;Pflichtmodulgruppe C Strukturwissenschaften (24 ECTS);STEOP;MBT, GMA;Abschluss der Lehrveranstaltungen
210942;Modul KOE Kompetenzerweiterung Informatik;;6;berechnete Leistung;05-0384 Modul KOE Kompetenzerweiterung;Medieninformatik;5;;;;;Das Modul bringt eine zusammenführende Betrachtung der hinter den Kerntechnologien der Informa-tik stehenden grundlegenden Prinzipien: „computation, communication, coordination, recollection, and automation“. Die Studierenden lernen wie diese Prinzipien zum Tragen kommen und welche rechtlichen Aspekte in der Anwendung berücksichtigt werden müssen. ;Pflichtmodul D Kompetenzerweiterung (6 ECTS);STEOP;MBT, THI, DBS, ADS, SWE;Abschluss der Lehrveranstaltungen
210947;Modul GBI Grundlagen der Bioinformatik;;6;berechnete Leistung;05-0410 Modul GBI Grundlagen der Bioinformatik;;;;;;;;;;;
210951;Modul ABI Angewandte Bioinformatik;;6;berechnete Leistung;05-0411 Modul ABI Angewandte Bioinformatik;;;;;;;;;;;
210956;Modul NGB Naturwissenschaftliche Grundlagen der Bioinformatik;;6;berechnete Leistung;05-0412 Modul NGB Naturwissenschaftliche Grundlagen für Bioinformatiker;;;;;;;;;;;
210961;Modul BCG Biochemie und Genetik;;5;berechnete Leistung;05-0413 Modul BCG Biochemie und Genetik;;;;;;;;;;;
210965;Modul PRK Praktikum aus Bioinformatik;;6;berechnete Leistung;05-0414 Modul PRK Praktikum aus Bioinformatik;;;;;;;;;;;
210970;Modul EGB Erweiterte Grundlagen der Bioinformatik;;6;berechnete Leistung;05-0415 Modul EGB Erweiterte Grundlagen der Bioinformatik;;;;;;;;;;;
210976;Modul BIO Biologie;;7;berechnete Leistung;05-0416 Modul BIO Biologie;;;;;;;;;;;
210980;Modul CLS Computational Life-Sciences;;6;berechnete Leistung;05-0417 Modul CLS Computational Life-Sciences;;;;;;;;;;;
210984;Modul PBB Praktikum Bioinformatik mit Bachelorarbeit;;18;berechnete Leistung;05-0419 Modul PBB Praktikum Bioinformatik mit Bachelorarbeit;;;;;;;;;;;
210988;Modul NUM Numerische Mathematik des Scientific Computing (Bioinformatik);;6;berechnete Leistung;05-0441 Modul NUM Numerische Mathematik des Scientific Computing;;;;;;;;;;;
210995;Modul NTM Netzwerktechnologie für Multimedia Anwendungen;;6;berechnete Leistung;05-0420 Modul NTM Netzwerktechnologie für Multimedia Anwendungen;Medieninformatik;3;;;teilweise;;Dieses Modul vermittelt jene spezifischen Netzwerktechnologien, die für multimediale Anwendungen von zentraler Bedeutung sind, wie z.B. Streaming, Fehlerverhalten, perceived quality of service, etc. Verschiedene Anwendungsfälle werden erarbeitet und Lösungsansätze dafür entworfen, entwickelt, analysiert und bewertet. ;APMgruppe Medieninformatik und Medien- und Kommunikationswissenschaften (72 ECTS);STEOP;keine;Abschluss der Lehrveranstaltungen
211003;Modul EKW Einführung in Kommunikatioswissenschaften;;5;berechnete Leistung;05-0421 Modul EKW Einführung in die Kommunikationswissenschaften;Medieninformatik;3;;;teilweise;;Die Studierenden sollen die Publizistik- und Kommunikationswissenschaft als wissenschaftliche Dis-ziplin erkennen, ihren Beitrag zum Verständnis der Informationsgesellschaft ausloten und eine Ein-führung in die Fachterminologie erhalten. ;APMgruppe Medieninformatik und Medien- und Kommunikationswissenschaften (72 ECTS);STEOP;keine;Abschluss der Lehrveranstaltung
211008;Modul ITM Informationssystemtechnologie für Multimedia Anwendungen;;6;berechnete Leistung;05-0422 Modul ITM Informationssystemtechnologie für Multimedia Anwendungen;Medieninformatik;4;;;;;Dieses Modul umfasst die Vermittlung und den Kompetenzerwerb im Bereich der Entwicklung von multimedialen Informationssystemen und multimedialen Anwendungen. Verschiedene Anwendungs-fälle werden erarbeitet und Lösungsansätze dafür entworfen, entwickelt, analysiert und bewertet. In-halte aus den Bereichen Usability Engineering und Content Management runden den Modulinhalt ab. ;APMgruppe Medieninformatik und Medien- und Kommunikationswissenschaften (72 ECTS);STEOP;keine;Abschluss der Lehrveranstaltungen
211013;Modul MEK Medienkunde;;5;berechnete Leistung;05-0423 Modul MEK Medienkunde;Medieninformatik;4;;;;;Das Modul führt in die Mediensysteme und -typologien in medienökonomischer und -politischer Be-trachtungsweise ein. ;APMgruppe Medieninformatik und Medien- und Kommunikationswissenschaften (72 ECTS);STEOP;EKW;Abschluss der Lehrveranstaltung
211017;Modul PAE Praktikum Anwendungsentwicklung;;6;berechnete Leistung;05-0424 Modul PAE Praktikum Anwendungsentwicklung;Medieninformatik;5;;;;;Ziel ist die angeleitete Durchführung eines Projekts, bei dem Anwendungen aus dem Bereich der Kommunikations- und Medieninformatik im Vordergrund stehen. Ziel ist auch die Zusammenführung von zuvor vermittelten Kenntnissen. ;APMgruppe Medieninformatik und Medien- und Kommunikationswissenschaften (72 ECTS);STEOP;MBT, NTM, ITM ;Abschluss der Lehrveranstaltung
211027;Modul VMI Vertiefung Medieninformatik;;6;berechnete Leistung;05-0425 Modul VMI Vertiefung Medieninformatik;Medieninformatik;5;;;;;Aufbauend auf grundlegenden Kenntnissen der technischen Grundlagen, von Systemsoftware-Architekten und von Kommunikationsnetzen, werden fortgeschrittene Konzepte und Algorithmen zur Koordination und zum Betrieb von vernetzten Systemen dargestellt. Im Einzelnen sind dies: Cli-ent/Server-based Architectures for Network Services, P2P-based Architectures for Network Services, Emergent and Self-organizing Systems, Theory and Complexity of Distributed System, Network Secu-rity. Nach Wahl können die Studierenden den Schwerpunkt entweder auf Operating Systems and Algo-rithms for Networked Systems oder auf IS Technology legen. ;APMgruppe Medieninformatik und Medien- und Kommunikationswissenschaften (72 ECTS);STEOP;MBT, NET, SWE;Abschluss nach Schwerpunkt gewählten Lehrveranstaltungen
211034;Modul KMM Komunikatios-, Medienpsychologie und Multimedia Journalismus;;14;berechnete Leistung;05-0427 Modul KMM Kommunikations-, Medienpsychologie und Multimedia Journalismus;Medieninformatik;6;;;;;Ziel ist die Vermittlung berufsspezifischer Fertigkeiten des Praxisfeldes Multimediajournalismus sowie deren Anwendung, Auswahl und Bearbeitung von Informationen vor dem Hintergrund der wesentli-chen Entwicklungen, des aktuellen Forschungsstandes und der Reflexion berufspraktischer Tätigkei-ten auf Basis medienpsychologischer Grundlagen direkter und vermittelter Kommunikationsprozesse;APMgruppe Medieninformatik und Medien- und Kommunikationswissenschaften (72 ECTS);STEOP;MEK;Abschluss der Lehrveranstaltung
211039;Modul AAM Ausgewählte Kapitel Anwendungsfach Medieninformatik;;6;berechnete Leistung;05-0426 Modul AAM Ausgewühlte Kapitel Anwendungsfach Medieninformatik;Medieninformatik;5;;;;;Ziel ist das Erkennen rechtlicher Probleme und Rahmenbedingungen im Zusammenhang mit berufli-chen Tätigkeiten in der Medieninformatik, sowie (wahlweise) das Erkennen theoretischer, pädagogi-scher oder soziologischer Implikationen beruflichen Handelns auf Basis des jeweils aktuellen For-schungsstandes. ;APMgruppe Medieninformatik und Medien- und Kommunikationswissenschaften (72 ECTS);STEOP;EKW;Abschluss der gewählten Lehrveranstaltungen 
211044;Modul PBM Praktikum Medieninformatik mit Bachelorarbeit;;18;berechnete Leistung;05-0428 Modul PBM Praktikum Medieninformatik mit Bachelorarbeit;Medieninformatik;6;;;;;Ziel ist die angeleitete Durchführung eines informatisch technologisch orientierten Projekts aus dem Bereich der Medieninformatik. Die Studierenden sollen befähigt werden, basierend auf den im Rah-men der Durchführung gesammelten Erfahrungen, nach Abschluss des Bachelorstudiums selbständig Projekte durchzuführen. Ziel ist auch die Zusammenführung von zuvor vermittelten Kenntnissen. ;APMgruppe Medieninformatik und Medien- und Kommunikationswissenschaften (72 ECTS);STEOP;MBT, PAE;Abschluss der Lehrveranstaltung
211049;Modul MGL Medizinische Grundlagen;;9;berechnete Leistung;05-0435 Modul MGL Medizinische Grundlagen;;;;;;;;;;;
211055;Modul MSP Medizinische Sprache und Mediziniosche Praxis;;6;berechnete Leistung;05-0429 Modul MSP Medizinische Sprache und Medizinische Praxis;;;;;;;;;;;
211062;Modul MIS Medizinische IInformatinssysteme;;9;berechnete Leistung;05-0436 Modul MIS Medizinische Informationssysteme;;;;;;;;;;;
211067;Modul GSV Grundlagen der Signalverarbeitung;;6;berechnete Leistung;05-0430 Modul GSV Grundlagen der Signalverarbeitung;;;;;;;;;;;
211072;Modul BNI Bio- und Neuroinformatik;;6;berechnete Leistung;05-0431 Modul BNI Bio- und Neuroinformatik;;;;;;;;;;;
211077;Modul KLI Klinische Informatik;;6;berechnete Leistung;05-0432 Modul KLI Klinische Informatik;;;;;;;;;;;
211082;Modul PHI Publik Health Informatics;;6;berechnete Leistung;05-0433 Modul PHI Public Health Informatics;;;;;;;;;;;
211087;Modul IMI Imaging Informatics;;6;berechnete Leistung;05-0434 Modul IMI Imaging Informatics;;;;;;;;;;;
211091;Modul PBZ Praktikm Medizininformatik mit Bachelorarbeit;;18;berechnete Leistung;05-0437 Modul PBZ Praktikum Medizininformatik mit Bachelorarbeit;;;;;;;;;;;
211098;Modul ESC Einführung in Scientific Computing;;6;berechnete Leistung;05-0438 Modul ESC Einführung in Scientific Computing;;;;;;;;;;;
211104;Anerkennung Modul MMM Methoden der Mathematischen Modellierung;;6;erbrachte Leistung;05-0439 Modul MMM Methoden der Mathematischen Modellierung;;;;;;;;;;;
211103;Modul MMM Methoden der Mathematischen Modellierung;;6;berechnete Leistung;05-0439 Modul MMM Methoden der Mathematischen Modellierung;;;;;;;;;;;
211107;Modul SDM Scientific Data Management;;6;berechnete Leistung;05-0440 Modul SDM Scientific Data Management;;;;;;;;;;;
211111;Modul NUM Numerische Mathematik des Scientific Computing (Scientific Computing);;6;berechnete Leistung;05-0441 Modul NUM Numerische Mathematik des Scientific Computing;;;;;;;;;;;
211115;Modul VIS Visualistierung;;6;berechnete Leistung;05-0442 Modul VIS Visualisierung;;;;;;;;;;;
211119;Modul SCP Scientific Programming;;6;berechnete Leistung;05-0443 Modul SCP Scientific Programming;;;;;;;;;;;
211129;Modul VIN Vertiefung Interdisziplinäre Informatik;;6;berechnete Leistung;05-0444 Modul VIN Vertiefung Interdisziplinüre Informatik;;;;;;;;;;;
211133;Modul WSC Anwendungsfach Scientific Computing;;6;berechnete Leistung;05-0445 Modul WSC Anwendungsfach Scientific Computing;;;;;;;;;;;
211137;Modul STL Software Tools and Libraries;;6;berechnete Leistung;05-0446 Modul STL Software Tools and Libraries;;;;;;;;;;;
211142;Modul PBS Praktikum Scientific Computing mit Bachelorarbeit;;18;berechnete Leistung;05-0447 Modul PBS Praktikum Scientific Computing mit Bachelorarbeit;;;;;;;;;;;
211148;Modul Freifächer;;6;berechnete Leistung;05-0408 Freifücher 6 ECTS;Medieninformatik;5;;;;;"Im Rahmen des Bachelorstudiums der Informatik sind Freifächer im Umfang von 6 ECTS-Punkten zu
absolvieren.
Es wird empfohlen Lehrveranstaltungen zu wählen,
die zur möglicherweise notwendigen Erfüllung der
Zulassungsvoraussetzungen des nachfolgenden Master
studiums erforderlich sind. Das zuständige
akademische Organ gibt in Zusammenarbeit mit der Studienvertretung jedes Semester eine Liste mit
Empfehlungen heraus. ";(4) Pflichtmodul „Freifächer“ (6 ECTS);Abhängig vom gewählten Freifach;Abhängig vom gewählten Freifach;Abhängig vom gewählten Freifach
205182;Abschlussnote;0;180;berechnete Leistung;05-0061 Studienabschluss;;;;;;;;;;;
210854;OL Einführung in Anwendungsgebiete der Informatik;1;1;erbrachte Leistung;05-0092 Einführung in Anwendungsgebiete der Informatik 1OL;;;1;05/27/2012;;210857;;1;;;
210855;UE Einführung in das Wissenschaftliche Arbeiten;1;2;erbrachte Leistung;05-0099 Einführung in das wissenschaftliche Arbeiten 2UE;;;1;05/27/2012;;210857;;1;;;
210856;VO Einführung in das Ausprügungsfach;2;3;erbrachte Leistung;05-0093 Einführung in die Bioinformatik 3VO|05-0094 Einführung in die Medizinische Informatik 3VO|05-0095 Einführung in Scientific Computing 3VO|05-0104 Einführung in die Medieninformatik 3VO|05-0647 Einführung in das Ausprügungsfach 3VO;;;1;05/27/2012;;210857;;1;;;
210858;Anerkennung Modul EIN Einführung in das Studium der Informatik;4;6;erbrachte Leistung;05-0409 Modul EIN Einführung in das Studium der Informatik;;;;;;;;;;;
210860;PR Einführung in die Programmierung;4;6;erbrachte Leistung;210931;;;1;05/27/2012;;210861;;2;;;
210862;Anerkennung Modul PRG Programmierung;4;6;erbrachte Leistung;05-0381 Modul PRG Programmierung;;;;;;;;;;;
210864;VO Technische Grundlagen und Systemsoftware;3;4;erbrachte Leistung;05-0078 Technische Grundlagen und Systemsoftware 4VO;;;3;05/27/2012;;210866;;3;;;
210865;UE Technische Grundlagen und Systemsoftware;1;2;erbrachte Leistung;05-0089 Technische Grundlagen und Systemsoftware 2UE;;;1;05/27/2012;;210866;;3;;;
210868;Anerkennung Modul TGS Technische Grundlagen und Systemsoftware;4;6;erbrachte Leistung;05-0382 Modul TGS Technische Grundlagen und Systemsoftware;;;;;;;;;;;
210872;VO Algorithmen und Datenstrukturen;3;4;erbrachte Leistung;05-0152 Algorithmen und Datenstrukturen 4VO;;;1;04/20/2013;;210874;;4;;;
210873;UE Algorithmen und Datenstrukturen;1;2;erbrachte Leistung;05-0153 Algorithmen und Datenstrukturen 2UE;;;2;06/21/2013;;210874;;4;;;
210876;Anerkennung Modul ADS Algorithmen und Datenstrukturen;4;6;erbrachte Leistung;05-0385 Modul ADS Algorithmen und Datenstrukturen;;;;;;;;;;;
210878;VO Netzwerktechnologien;3;4;erbrachte Leistung;05-0161 Netzwerktechnologien 4VO;;;3;04/23/2014;;210880;;5;;;
210879;PR Netzwerktechnologien;1;2;erbrachte Leistung;05-0160 Netzwerktechnologien 2PR;;;2;04/20/2014;;210880;;5;;;
210881;Anerkennung Modul NET Netzwerktechnologien;4;6;erbrachte Leistung;05-0386 Modul NET Netzwerktechnologien;;;;;;;;;;;
210883;VO Theoretische Informatik;2;3;erbrachte Leistung;05-0163 Theoretische Informatik 3VO;;;1;04/20/2013;;210885;;6;;;
210884;UE Theoretische Informatik;2;3;erbrachte Leistung;05-0164 Theoretische Informatik 3UE;;;1;04/20/2013;;210885;;6;;;
210886;Anerkennung Modul THI Theoretische Informatik;4;6;erbrachte Leistung;05-0387 Modul THI Theoretische Informatik;;;;;;;;;;;
210888;VO Datenbanksysteme;2;3;erbrachte Leistung;05-0097 Datenbanksysteme 3VO;;;1;04/20/2013;;210890;;7;;;
210889;UE Datenbanksysteme;2;3;erbrachte Leistung;05-0098 Datenbanksysteme 3UE;;;1;04/20/2013;;210890;;7;;;
210891;Anerkennung Modul DBS Datenbanksysteme;4;6;erbrachte Leistung;05-0388 Modul DBS Datenbanksysteme;;;;;;;;;;;
210893;VO Software Engineering;2;3;erbrachte Leistung;05-0091 Software Engineering 3VO;;;2;04/20/2013;;210895;;8;;;
210894;UE Software Engineering;2;3;erbrachte Leistung;05-0105 Software Engineering 3UE;;;2;04/20/2013;;210895;;8;;;
210896;Anerkennung Modul SWE Software Engineering;4;6;erbrachte Leistung;05-0389 Modul SWE Software Engineering;;;;;;;;;;;
210898;VO Softwarearchitekturen;2;3;erbrachte Leistung;05-0165 Softwarearchitekturen 3VO;;;;;;210900;;12;;;
210899;PR Softwarearchitekturen;2;3;erbrachte Leistung;05-0162 Softwarearchitekturen 3PR;;;;;;210900;;12;;;
210901;Anerkennung Modul SWA Softwarearchitekturen;4;6;erbrachte Leistung;05-0390 Modul SWA Softwarearchitekturen;;;;;;;;;;;
210904;VU Informatik und Gesellschaft;2;3;erbrachte Leistung;05-0087 Informatik und Gesellschaft 3VU|05-0630 Computaria academica - Universitüt und Digitalitüt 3VU;;;1;04/18/2013;;210906;;10;;;
210905;VU Projektmanagement;2;3;erbrachte Leistung;05-0079 Projektmanagement 3VU;;;1;04/18/2013;;210906;;10;;;
210907;Anerkennung Modul SOP Sozialkompetenz und Projektmanagement;4;6;erbrachte Leistung;05-0391 Modul SOP Sozialkompetenz und Projektmanagement;;;;;;;;;;;
210909;VO Modellierung;2;3;erbrachte Leistung;05-0158 Modellierung 3VO;;;2;04/20/2013;;210911;;11;;;
210910;UE Modellierung;2;3;erbrachte Leistung;05-0159 Modellierung 3UE;;;2;04/20/2013;;210911;;11;;;
210912;Anerkennung Modul MOD Grundlagen der  Modellierung;4;6;erbrachte Leistung;05-0383 Modul MOD Grundlagen der Modellierung;;;;;;;;;;;
210914;VU Human-Computer-Interaction und Psychologie;4;6;erbrachte Leistung;05-0074 Human-Computer-Interaction und Psychologie 6VU;;;;;;210915;;16;;;
210916;Anerkennung Modul HCI Human-Computer-Interaction und Psychologie;4;6;erbrachte Leistung;05-0392 Modul HCI Human-Computer-Interaction und Psychologie;;;;;;;;;;;
210919;VO Mathematische Basistechniken;2;3;erbrachte Leistung;05-0101 Mathematische Basistechniken 3VO;;;1;05/27/2012;;210921;;13;;;
210920;UE Mathematische Basistechniken;2;3;erbrachte Leistung;05-0067 Mathematische Basistechniken 3UE;;;1;05/27/2012;;210921;;13;;;
210922;Anerkennung Modul MBT Mathematische Basistechniken;4;6;erbrachte Leistung;05-0393 Modul MBT Mathematische Basistechniken;;;;;;;;;;;
210924;VO Grundlagen der Mathematik und Analysis;2;3;erbrachte Leistung;05-0157 Grundlagen der Mathematik und Analysis 3VO;;;1;04/20/2013;;210926;;14;;;
210925;UE Grundlagen der Mathematik und Analysis;2;3;erbrachte Leistung;05-0156 Grundlagen der Mathematik und Analysis 3UE;;;1;06/20/2012;;210926;;14;;;
210927;Anerkennung Modul GMA Grundlagen der Mathematik und Analysis;4;6;erbrachte Leistung;05-0394 Modul GMA Grundlagen der Mathematik und Analysis;;;;;;;;;;;
210929;VO Optimierung und Simulation;2;3;erbrachte Leistung;05-0102 Optimierung und Simulation 3VO;;;;;;210931;;20;;;
210930;PR Optimierung und Simulation;2;3;erbrachte Leistung;05-0103 Optimierung und Simulation 3PR;;;1;04/27/2013;;210931;;20;;;
210932;Anerkennung Modul OPS Optimierung und Simulation;4;6;erbrachte Leistung;05-0396 Modul OPS Optimierung und Simulation;;;;;;;;;;;
210934;VO Datenanalyse und Statistik;2;3;erbrachte Leistung;05-0154 Datenanalyse und Statistik 3VO;;;;;;210936;;16;;;
210935;UE Datenanalyse und Statistik;2;3;erbrachte Leistung;05-0155 Datenanalyse und Statistik 3UE;;;2;04/20/2014;;210936;;16;;;
210937;Anerkennung Modul DAS Datenanalyse und Statistik;4;6;erbrachte Leistung;05-0395 Modul DAS Datenanalyse und Statistik;;;;;;;;;;;
210940;VO Great Principles of Imformation technology;2;3;erbrachte Leistung;05-0100 Great Principles of Information Technology 3PS;;;;;;210942;;23;;;
210941;VU Informatik und Recht;2;3;erbrachte Leistung;05-0080 Informatik und Recht 3VU|05-0341 Datenschutz und Datensicherheit 2VO;;;;;;210942;;23;;;
210943;Anerkennung Modul KOE Kompetenzerweiterung Informatik;4;6;erbrachte Leistung;05-0384 Modul KOE Kompetenzerweiterung;;;;;;;;;;;
210946;VU Grundlagen der Bioinformatik;4;6;erbrachte Leistung;05-0110 Grundlagen der Bioinformatik 6VU;;;;;;;;;;;
210948;Anerkennung Modul GBI Grundlagen der Bioinformatik;4;6;erbrachte Leistung;05-0410 Modul GBI Grundlagen der Bioinformatik;;;;;;;;;;;
210950;VU Angewandte Bioinformatik;4;6;erbrachte Leistung;05-0069 Angewandte Bioinformatik 6VU;;;;;;;;;;;
210952;Anerkennung Modul ABI Angewandte Bioinformatik;4;6;erbrachte Leistung;05-0411 Modul ABI Angewandte Bioinformatik;;;;;;;;;;;
210954;VO Allgemeine und organische Chemie;3;4;erbrachte Leistung;05-0106 Allgemeine und organische Chemie 4VO|30-1044 B-BIO 3 Allgemeine und Organische Chemie für BiologInnen;;;;;;;;;;;
210955;VO Physikalische Chemie;1;2;erbrachte Leistung;05-0168 Physikalische Chemie 2VO|30-2080 Physikalische Chemie 1|30-2081 Physikalische Chemie 2|30-6116 Physikalische Chemie für Molekulare Biologen VO;;;;;;;;;;;
210957;Anerkennung Modul NGB Naturwissenschaftliche Grundlagen der Bioinformatik;4;6;erbrachte Leistung;05-0412 Modul NGB Naturwissenschaftliche Grundlagen für Bioinformatiker;;;;;;;;;;;
210959;VO Biochemie;2;3;erbrachte Leistung;05-0166 Biochemie 3VO;;;;;;;;;;;
210960;VO Einführung in die Genetik;1;2;erbrachte Leistung;05-0108 Einführung in die Genetik 2VO;;;;;;;;;;;
210962;Anerkennung Modul BCG Biochemie und Genetik;3;5;erbrachte Leistung;05-0413 Modul BCG Biochemie und Genetik;;;;;;;;;;;
210964;PR Praktikum aus Bioinformatik;4;6;erbrachte Leistung;05-0169 Praktikum aus Bioinformatik 6PR;;;;;;;;;;;
210966;Anerkennung Modul PRK Praktikum aus Bioinformatik;4;6;erbrachte Leistung;05-0414 Modul PRK Praktikum aus Bioinformatik;;;;;;;;;;;
210968;PS Erweiterte Grundlagen der Bioinformatik;2;3;erbrachte Leistung;05-0109 Erweiterte Grundlagen der Bioinformatik 3PS;;;;;;;;;;;
210969;VU Statistische Methoden in der Bioinformatik;2;3;erbrachte Leistung;05-0113 Statistische Methoden in der Bioinformatik 3VU;;;;;;;;;;;
210971;Anerkennung Modul EGB Erweiterte Grundlagen der Bioinformatik;4;6;erbrachte Leistung;05-0415 Modul EGB Erweiterte Grundlagen der Bioinformatik;;;;;;;;;;;
210973;VU Molekulare Zellbiologie;2;3;erbrachte Leistung;05-0111 Molekulare Zellbiologie 3VU|27-0268 Molekulare Zellbiologie;;;;;;;;;;;
210974;VO Strukturbiologie;2;3;erbrachte Leistung;05-0114 Strukturbiologie 3VO|05-0126 Einführung in die Neuroinformatik 3VU|30-2080 Physikalische Chemie 1|30-6143 Strukturbiologie II VO|30-6379 B-BMB 8 Quantiative Methoden in der Molekularbiologie|30-6411 MMB W-3 UE aus Biomolekularer Simulation;;;;;;;;;;;
210975;UE Strukturbiologie;1;1;erbrachte Leistung;05-0115 Strukturbiologie 1UE|05-0126 Einführung in die Neuroinformatik 3VU|30-2080 Physikalische Chemie 1|30-6142 übungen zu Strukturbiologie UE|30-6379 B-BMB 8 Quantiative Methoden in der Molekularbiologie|30-6410 Seminar zur Strukturbiologie|30-6411 MMB W-3 UE aus Biomolekularer Simulation;;;;;;;;;;;
210977;Anerkennung Modul BIO Biologie;5;7;erbrachte Leistung;05-0416 Modul BIO Biologie;;;;;;;;;;;
210979;VU Computational Life-Sciences;4;6;erbrachte Leistung;05-0107 Computational Life-Sciences 6VU;;;;;;;;;;;
210981;Anerkennung Modul CLS Computational Life-Sciences;4;6;erbrachte Leistung;05-0417 Modul CLS Computational Life-Sciences;;;;;;;;;;;
210983;PR Praktikum Bioinformatik mit Bachelorarbeit;4;18;erbrachte Leistung;05-0112 Praktikum Bioinformatik mit Bachelorarbeit 18PR;;;;;;;;;;;
210985;Anerkennung Modul PBB Praktikum Bioinformatik mit Bachelorarbeit;4;18;erbrachte Leistung;05-0419 Modul PBB Praktikum Bioinformatik mit Bachelorarbeit;;;;;;;;;;;
210987;VU Numerische Mathematik des Scientific Computing (Bioinformatik);4;6;erbrachte Leistung;05-0167 Numerische Mathematik des Scientific Computing 6VU;;;;;;;;;;;
210989;Anerkennung Modul NUM Numerische Mathematik des Scientific Computing (Bioinformatik);4;6;erbrachte Leistung;05-0441 Modul NUM Numerische Mathematik des Scientific Computing;;;;;;;;;;;
210992;VO Netzwerktechnologie für Multimedia Anwendungen;2;3;erbrachte Leistung;05-0090 Netzwerktechnologie für Multimedia Anwendungen 3VO;;;;;;210995;;25;;;
210993;UE Netzwerktechnologie für Multimedia Anwendungen;2;3;erbrachte Leistung;05-0086 Netzwerktechnologie für Multimedia Anwendungen 3UE;;;1;01/20/2013;;210995;;25;;;
210996;Anerkennung Modul NTM Netzwerktechnologie für Multimedia Anwendungen;4;6;erbrachte Leistung;05-0420 Modul NTM Netzwerktechnologie für Multimedia Anwendungen;;;;;;;;;;;
210999;VO+UE Einführung in Kommunikationswissenschaften;2;5;erbrachte Leistung;22-0016 STEP 1 - Einführung in das kommunikationswissenschaftliche Denken;;;;;;211003;;26;;;
211004;Anerkennung Modul Modul EKW Einführung in Kommunikatioswissenschaften;2;5;erbrachte Leistung;05-0421 Modul EKW Einführung in die Kommunikationswissenschaften;;;;;;;;;;;
211006;VO Informationssystemtechnologie für Multimedia Anwendungen;2;3;erbrachte Leistung;05-0170 Informationssystemtechnologie für Multimedia Anwendungen 3VO;;;;;;211008;;27;;;
211007;UE Informationssystemtechnologie für Multimedia Anwendungen;2;3;erbrachte Leistung;05-0171 Informationssystemtechnologie für Multimedia Anwendungen 3UE;;;;;;211008;;27;;;
211010;Anerkennung Modul ITM Informationssystemtechnologie für Multimedia Anwendungen;4;6;erbrachte Leistung;05-0422 Modul ITM Informationssystemtechnologie für Multimedia Anwendungen;;;;;;;;;;;
211012;VO+UE Medienkunde;2;5;erbrachte Leistung;05-0172 Medienkunde 5VO+UE|22-0021 STEP 6 - Medienkunde VO+UE;;;;;;211013;;28;;;
211014;Anerkennung Modul MEK Medienkunde;2;5;erbrachte Leistung;05-0423 Modul MEK Medienkunde;;;;;;;;;;;
211016;PR Praktikum Anwendungsentwicklung;4;6;erbrachte Leistung;05-0120 Praktikum Anwendungsentwicklung in der Medieninformatik 6PR;;;;;;211017;;29;;;
211018;Anerkennung Modul PAE Praktikum Anwendungsentwicklung;4;6;erbrachte Leistung;05-0424 Modul PAE Praktikum Anwendungsentwicklung;;;;;;;;;;;
211020;VO Operating Systems and Algorithms for Networked Systems (VMI - Medieninformatik);2;3;erbrachte Leistung;05-0118 Operating Systems and Algorithms for Networked Systems 3VO;;;;;;211027;;30;;;
211021;UE Operating Systems and Algorithms for Networked Systems (VMI - Medieninformatik);2;3;erbrachte Leistung;05-0118 Operating Systems and Algorithms for Networked Systems 3VO;;;;;;211027;;30;;;
211023;VO IS Technology (VMI - Medieninformatik);2;3;erbrachte Leistung;05-0116 IS Technology 3VO;;;;;;211027;;30;;;
211024;UE IS Technology (VMI - Medieninformatik);2;3;erbrachte Leistung;05-0117 IS Technology 3UE;;;;;;211027;;30;;;
214197;VU Einführung in Computergrafik (VMI - Medieninformatik);4;6;erbrachte Leistung;05-0648 Einführung in Computergrafik 6VU;;;;;;211027;;30;;;
215247;VU Visualisierung (VMI - Medieninformatik);4;6;erbrachte Leistung;05-0185 Visualisierung 6VU;;;;;;211027;;30;;;
211028;Anerkennung Modul VMI Vertiefung Medieninformatik;4;6;erbrachte Leistung;05-0425 Modul VMI Vertiefung Medieninformatik;;;;;;;;;;;
211030;VO Einführung in die Kommunikations- und Medienpsychologie;2;3;erbrachte Leistung;05-0173 Einführung in die Kommunikations- und Medienpsychologie 3VO|22-0026 PSYCH - Medienpsychologie VO;;;;;;211034;;31;;;
211031;UE Arbeitstechniken Multimediajournalismus;2;4;erbrachte Leistung;05-0174 Arbeitstechniken Multimediajournalismus 4UE|22-0053 AT-MUME - Arbeittechniken Praxisfeld Multimediajournalismus UE;;;;;;211034;;31;;;
211032;UE Multimediajournalismus;2;4;erbrachte Leistung;05-0175 Multimediajournalismus 4UE|22-0054 UE-MUME - übung zum Praxisfeld Multimediajournalismus UE;;;;;;211034;;31;;;
211033;VO Multimediajournalismus;2;3;erbrachte Leistung;05-0193 Multimediajournalismus 3VO|22-0056 VO-MUME - Vorlesung zum Praxisfeld Mulimediajournalismus VO;;;;;;211034;;31;;;
211035;Anerkennung Modul KMM Komunikatios-, Medienpsychologie und Multimedia Journalismus;8;14;erbrachte Leistung;05-0427 Modul KMM Kommunikations-, Medienpsychologie und Multimedia Journalismus;;;;;;;;;;;
211037;VO Medien- und Internetrecht für Medieninformatiker;2;3;erbrachte Leistung;05-0196 Medien- und Internetrecht für Medieninformatiker 3VO|22-0030 KORRE - Kommunikationsrecht VO;;;;;;211039;;32;;;
211038;VO Ausgewühlte Kapitel Anwendungsfach Medieninformatik;2;3;erbrachte Leistung;05-0176 Kommunikationssoziologie 3VO|05-0194 Medienpüdagogik 3VO|05-0195 Medien- und Kommunikationstheorie 3VO|22-0022 THEO - Medien- und Kommunikationstheorie VO|22-0027 PAED - Medienpüdagogik VO|22-0028 KSOZ - Kommunikationssoziologie VO;;;;;;211039;;32;;;
211040;Anerkennung Modul AAM Ausgewühlte Kapitel Anwendungsfach Medieninformatik;4;6;erbrachte Leistung;05-0426 Modul AAM Ausgewühlte Kapitel Anwendungsfach Medieninformatik;;;;;;;;;;;
211043;PR Praktikum Medieninformatik mit Bachelorarbeit;4;18;erbrachte Leistung;05-0121 Praktikum Medieninformatik mit Bachelorarbeit 18PR;;;;;;211044;;33;;;
211045;Anerkennung Modul PBM Praktikum Medieninformatik mit Bachelorarbeit;4;18;erbrachte Leistung;05-0428 Modul PBM Praktikum Medieninformatik mit Bachelorarbeit;;;;;;;;;;;
211050;Anerkennung Modul MGL Medizinische Grundlagen;6;9;erbrachte Leistung;05-0435 Modul MGL Medizinische Grundlagen;;;;;;;;;;;
211048;VO Medizinisches Propüdeutikum;6;9;erbrachte Leistung;05-0130 Medizinisches Propüdeutikum 9VO;;;;;;;;;;;
211052;VU Sprachverarbeitung in der Medizin;2;3;erbrachte Leistung;05-0132 Sprachverarbeitung in der Medizin 3VU;;;;;;;;;;;
211053;VU Terminologie, Taxonomie, Ontologie;1;2;erbrachte Leistung;05-0133 Terminologie, Taxonomie, Ontologie 2VU;;;;;;;;;;;
211054;VD Grundlagen und Praxis der Medizinischen Versorgung;1;1;erbrachte Leistung;05-0127 Grundlagen und Praxis der medizinischen Versorgung 1VD;;;;;;;;;;;
211056;Anerkennung Modul MSP Medizinische Sprache und Mediziniosche Praxis;4;6;erbrachte Leistung;05-0429 Modul MSP Medizinische Sprache und Medizinische Praxis;;;;;;;;;;;
211058;VU Grundlagen Medizinischer Dokumentations- und Informationssysteme;2;2;erbrachte Leistung;05-0181 Grundlagen medizinischer Dokumentations- und Informationssysteme 2VU;;;;;;;;;;;
211059;VU Einführung in Wissensbasierte Systeme;2;3;erbrachte Leistung;05-0182 Einführung in wissensbasierte Systeme 3VU;;;;;;;;;;;
211060;VU Integration von IT-Systemen;1;1;erbrachte Leistung;05-0183 Integration von IT-Systemen 1VU;;;;;;;;;;;
211061;PR Praktikum Medizinische Informatiossysteme;2;3;erbrachte Leistung;05-0178 Praktikum Medizinische Informationssysteme 3PR;;;;;;;;;;;
211063;Anerkennung Modul MIS Medizinische IInformatinssysteme;7;9;erbrachte Leistung;05-0436 Modul MIS Medizinische Informationssysteme;;;;;;;;;;;
211065;VO Biosignalverarbeitung;2;3;erbrachte Leistung;05-0123 Biosignalverarbeitung 3VO;;;;;;;;;;;
211066;VO Bildgebende Verfahren in der Medizin;2;3;erbrachte Leistung;05-0122 Bildgebende Verfahren in der Medizin 3VO;;;;;;;;;;;
211068;Anerkennung Modul GSV Grundlagen der Signalverarbeitung;4;6;erbrachte Leistung;05-0430 Modul GSV Grundlagen der Signalverarbeitung;;;;;;;;;;;
211070;VU Einführung in die Bioinformatik für Medizininformatik;2;3;erbrachte Leistung;05-0125 Einführung in die Bioinformatik für Medizininformatik 3VU;;;;;;;;;;;
211071;VU Einführung in die Neuroinformatik;2;3;erbrachte Leistung;05-0126 Einführung in die Neuroinformatik 3VU;;;;;;;;;;;
211073;Anerkennung Modul BNI Bio- und Neuroinformatik;4;6;erbrachte Leistung;05-0431 Modul BNI Bio- und Neuroinformatik;;;;;;;;;;;
211075;VU Computeruntrestützte Diagnose und Therapie;2;3;erbrachte Leistung;05-0304 Computerunterstützte Diagnose und Therapie 3VU;;;;;;;;;;;
211076;VU Klinische Dokumentations- und Informationssysteme;2;3;erbrachte Leistung;05-0129 Klinische Dokumentations- und Informationssysteme 3VU;;;;;;;;;;;
211078;Anerkennung Modul KLI Klinische Informatik;4;6;erbrachte Leistung;05-0432 Modul KLI Klinische Informatik;;;;;;;;;;;
211080;VU Informationssysteme des Gesundhaeitswesens;2;3;erbrachte Leistung;05-0128 Informationssysteme des Gesundheitswesens 3VU;;;;;;;;;;;
211081;VU e-Health und Telemedizin;2;3;erbrachte Leistung;05-0124 e-Health und Telemedizin 3VU;;;;;;;;;;;
211083;Anerkennung Modul PHI Publik Health Informatics;4;6;erbrachte Leistung;05-0433 Modul PHI Public Health Informatics;;;;;;;;;;;
211085;VO Grundlagen der digitalen Bildverarbeitung;2;3;erbrachte Leistung;05-0179 Grundlagen der digitalen Bildverarbeitung 3VO;;;;;;;;;;;
211086;UE Grundlagen der digitalen Bildverarbeitung;2;3;erbrachte Leistung;05-0180 Grundlagen der digitalen Bildverarbeitung 3UE;;;;;;;;;;;
211088;Anerkennung Modul IMI Imaging Informatics;4;6;erbrachte Leistung;05-0434 Modul IMI Imaging Informatics;;;;;;;;;;;
211090;PR Praktikum Medizininformatik mit Bachelorarbeit;4;18;erbrachte Leistung;05-0131 Praktikum Medizininformatik mit Bachelorarbeit 18PR;;;;;;;;;;;
211093;Anerkennung Modul PBZ Praktikum Medizininformatik mit Bachelorarbeit;4;18;erbrachte Leistung;05-0437 Modul PBZ Praktikum Medizininformatik mit Bachelorarbeit;;;;;;;;;;;
211096;VU Einführung in Scientific Computing - Technologien und Infrastruktur;2;3;erbrachte Leistung;05-0138 Einführung in Scientific Computing - Technologien und Infrastruktur 3VU;;;;;;;;;;;
211097;VU Einführung in Scientific Computing - Anwendungen und Algorithmen;2;3;erbrachte Leistung;05-0139 Einführung in Scientific Computing - Anwendungen und Algorithmen 3VU;;;;;;;;;;;
211099;Anerkennung Modul ESC Einführung in Scientific Computing;4;6;erbrachte Leistung;05-0438 Modul ESC Einführung in Scientific Computing;;;;;;;;;;;
211101;VO Methoden der Mathematischen Modellierung;2;3;erbrachte Leistung;05-0134 Methoden der Mathematischen Modellierung 3VO;;;;;;;;;;;
211102;UE Methoden der Mathematischen Modellierung;2;3;erbrachte Leistung;05-0135 Methoden der Mathematischen Modellierung 3UE;;;;;;;;;;;
211106;VU Scientific Data Management;4;6;erbrachte Leistung;05-0184 Scientific Data Management 6VU;;;;;;;;;;;
211108;Anerkennung Modul SDM Scientific Data Management;4;6;erbrachte Leistung;05-0440 Modul SDM Scientific Data Management;;;;;;;;;;;
211110;VU Numerische Mathematik des Scientific Computing (Scientific Computing);4;6;erbrachte Leistung;05-0167 Numerische Mathematik des Scientific Computing 6VU;;;;;;;;;;;
211112;Anerkennung Modul NUM Numerische Mathematik des Scientific Computing (Scientific Computing);4;6;erbrachte Leistung;05-0441 Modul NUM Numerische Mathematik des Scientific Computing;;;;;;;;;;;
211114;VU Visualisierung (VIS - Scientific Computing);4;6;erbrachte Leistung;05-0185 Visualisierung 6VU;;;;;;;;;;;
211116;Anerkennung Modul VIS Visualistierung;4;6;erbrachte Leistung;05-0442 Modul VIS Visualisierung;;;;;;;;;;;
211118;VU Scientific Programming;4;6;erbrachte Leistung;05-0140 Scientific Programming 6VU;;;;;;;;;;;
211120;Anerkennung Modul SCP Scientific Programming;4;6;erbrachte Leistung;05-0443 Modul SCP Scientific Programming;;;;;;;;;;;
211122;VO Operating Systems and Algorithms for Networked Systems (VIN - Scientific Computing);2;3;erbrachte Leistung;05-0118 Operating Systems and Algorithms for Networked Systems 3VO;;;;;;;;;;;
211123;UE Operating Systems and Algorithms for Networked Systems (VIN - Scientific Computing);2;3;erbrachte Leistung;05-0119 Operating Systems and Algorithms for Networked Systems 3UE;;;;;;;;;;;
211124;VU Artificial Intelligence im Scientific Computing;4;6;erbrachte Leistung;05-0137 Artificial Intelligence im Scientific Computing 6VU;;;;;;;;;;;
211125;VO IS Technology (VIN - Scientific Computing);2;3;erbrachte Leistung;05-0116 IS Technology 3VO;;;;;;;;;;;
211126;UE IS Technology (VIN - Scientific Computing);2;3;erbrachte Leistung;05-0117 IS Technology 3UE;;;;;;;;;;;
211130;Anerkennung Modul VIN Vertiefung Interdisziplinüre Informatik;4;6;erbrachte Leistung;05-0444 Modul VIN Vertiefung Interdisziplinüre Informatik;;;;;;;;;;;
214199;VU Einführung in Computergrafik (VIN - Scientific Computing);4;6;erbrachte Leistung;05-0648 Einführung in Computergrafik 6VU;;;;;;;;;;;
211132;Anwendungsfach Scientific Computing;;6;Sammelstudienplanpunkt;;;;;;;;;;;;
211134;Anerkennung Modul WSC Anwendungsfach Scientific Computing;4;6;erbrachte Leistung;05-0445 Modul WSC Anwendungsfach Scientific Computing;;;;;;;;;;;
211136;VU Software Tools and Libraries;4;6;erbrachte Leistung;05-0186 Software Tools and Libraries 6VU;;;;;;;;;;;
211139;Anerkennung Modul STL Software Tools and Libraries;4;6;erbrachte Leistung;05-0446 Modul STL Software Tools and Libraries;;;;;;;;;;;
211141;PR Praktikum Scientific Computing mit Bachelorarbeit;4;18;erbrachte Leistung;05-0136 Praktikum Scientific Computing mit Bachelorarbeit 18PR;;;;;;;;;;;
211143;Anerkennung Modul PBS Praktikum Scientific Computing mit Bachelorarbeit;4;18;erbrachte Leistung;05-0447 Modul PBS Praktikum Scientific Computing mit Bachelorarbeit;;;;;;;;;;;
211147;Freifächer;;6;Sammelstudienplanpunkt;;;;;;;211148;;34;;;
76843;Studienleistungen Erasmus;;;Sammelstudienplanpunkt;;;;;;;;;;;;
212367;Interessensmodul;;;Sammelstudienplanpunkt;;;;;;;;;;;;
